claim_id,score
WC711348,0.003046
WC711349,0.003895
WC711350,0.001696
WC711351,0.001432
WC711352,0.000855
WC711353,0.001744
WC711354,0.001186
WC711355,0.000763
WC711356,0.003811
WC711357,0.006977
WC711358,0.00315
WC711359,0.000856
WC711360,0.000754
WC711361,0.007291
WC711362,0.023047
WC711363,0.003122
WC711364,0.003925
WC711365,0.004089
WC711366,0.011702
WC711367,0.001221
WC711368,0.001876
WC711369,0.002714
WC711370,0.0541
WC711371,0.022445
WC711372,0.001977
WC711373,0.005006
WC711374,0.004145
WC711375,0.040767
WC711376,0.002204
WC711377,0.00513
WC711378,0.004686
WC711379,0.002864
WC711380,0.002711
WC711381,0.010962
WC711382,0.051562
WC711383,0.053873
WC711384,0.014878
WC711385,0.001562
WC711386,0.00343
WC711387,0.001644
WC711388,0.002661
WC711389,0.034601
WC711390,0.002022
WC711391,0.002821
WC711392,0.051863
WC711393,0.021173
WC711394,0.01014
WC711395,0.001058
WC711396,0.003765
WC711397,0.006008
WC711398,0.000894
WC711399,0.002691
WC711400,0.001106
WC711401,0.003672
WC711402,0.002473
WC711403,0.004691
WC711404,0.002575
WC711405,0.001479
WC711406,0.011203
WC711407,0.026507
WC711408,0.003781
WC711409,0.011622
WC711410,0.101541
WC711411,0.01754
WC711412,0.002085
WC711413,0.000281
WC711414,0.001478
WC711415,0.011056
WC711416,0.009495
WC711417,0.00207
WC711418,0.901727
WC711419,0.003087
WC711420,0.07222
WC711421,0.005825
WC711422,0.001503
WC711423,0.001842
WC711424,0.002469
WC711425,0.007787
WC711426,0.003017
WC711427,0.060293
WC711428,0.002595
WC711429,0.004602
WC711430,0.002707
WC711431,0.00271
WC711432,0.002944
WC711433,0.000821
WC711434,0.003594
WC711435,0.000907
WC711436,0.018936
WC711437,0.001494
WC711438,0.001248
WC711439,0.004157
WC711440,0.000853
WC711441,0.001444
WC711442,0.002961
WC711443,0.027489
WC711444,0.001697
WC711445,0.049351
WC711446,0.003915
WC711447,0.002325
WC711448,0.00693
WC711449,0.002598
WC711450,0.006612
WC711451,0.009043
WC711452,0.000492
WC711453,0.002048
WC711454,0.04481
WC711455,0.082041
WC711456,0.007805
WC711457,0.033501
WC711458,0.00121
WC711459,0.010789
WC711460,0.003058
WC711461,0.00436
WC711462,0.001885
WC711463,0.011901
WC711464,0.128547
WC711465,0.004539
WC711466,0.085166
WC711467,0.730872
WC711468,0.087865
WC711469,0.059697
WC711470,0.001434
WC711471,0.241844
WC711472,0.001889
WC711473,0.001193
WC711474,0.002824
WC711475,0.00113
WC711476,0.001539
WC711477,0.001064
WC711478,0.004586
WC711479,0.005658
WC711480,0.004617
WC711481,0.00149
WC711482,0.010595
WC711483,0.01939
WC711484,0.003844
WC711485,0.002672
WC711486,0.002695
WC711487,0.00263
WC711488,0.000778
WC711489,0.001921
WC711490,0.004238
WC711491,0.006286
WC711492,0.003381
WC711493,0.045498
WC711494,0.001204
WC711495,0.002594
WC711496,0.789438
WC711497,0.449365
WC711498,0.00206
WC711499,0.011377
WC711500,0.001256
WC711501,0.021717
WC711502,0.001368
WC711503,0.034597
WC711504,0.002186
WC711505,0.007614
WC711506,0.002249
WC711507,0.002529
WC711508,0.002205
WC711509,0.011051
WC711510,0.228137
WC711511,0.08097
WC711512,0.004028
WC711513,0.032546
WC711514,0.004908
WC711515,0.002018
WC711516,0.023197
WC711517,0.003106
WC711518,0.001838
WC711519,0.025098
WC711520,0.004425
WC711521,0.001828
WC711522,0.00252
WC711523,0.00123
WC711524,0.006192
WC711525,0.006397
WC711526,0.0071
WC711527,0.003271
WC711528,0.001884
WC711529,0.001096
WC711530,0.00126
WC711531,0.006013
WC711532,0.01234
WC711533,0.001667
WC711534,0.001172
WC711535,0.003505
WC711536,0.002159
WC711537,0.000695
WC711538,0.042005
WC711539,0.005289
WC711540,0.00559
WC711541,0.000916
WC711542,0.001339
WC711543,0.002906
WC711544,0.00177
WC711545,0.01742
WC711546,0.001678
WC711547,0.01117
WC711548,0.000676
WC711549,0.004531
WC711550,0.065248
WC711551,0.00054
WC711552,0.01153
WC711553,0.00089
WC711554,0.019769
WC711555,0.010665
WC711556,0.000811
WC711557,0.002913
WC711558,0.00821
WC711559,0.017269
WC711560,0.023553
WC711561,0.027918
WC711562,0.003096
WC711563,0.011811
WC711564,0.007156
WC711565,0.00264
WC711566,0.242653
WC711567,0.034548
WC711568,0.003503
WC711569,0.001403
WC711570,0.632972
WC711571,0.904162
WC711572,0.010888
WC711573,0.003552
WC711574,0.004707
WC711575,0.001107
WC711576,0.007101
WC711577,0.000955
WC711578,0.011367
WC711579,0.001355
WC711580,0.004175
WC711581,0.003541
WC711582,0.005185
WC711583,0.811346
WC711584,0.009861
WC711585,0.001559
WC711586,0.001205
WC711587,0.003129
WC711588,0.007147
WC711589,0.002597
WC711590,0.00383
WC711591,0.001102
WC711592,0.029677
WC711593,0.001049
WC711594,0.003526
WC711595,0.006905
WC711596,0.007496
WC711597,0.004623
WC711598,0.00184
WC711599,0.001066
WC711600,0.001054
WC711601,0.046834
WC711602,0.004518
WC711603,0.019571
WC711604,0.019136
WC711605,0.000489
WC711606,0.015629
WC711607,0.002367
WC711608,0.019827
WC711609,0.00189
WC711610,0.056039
WC711611,0.001549
WC711612,0.005559
WC711613,0.003132
WC711614,0.004603
WC711615,0.133472
WC711616,0.012749
WC711617,0.005605
WC711618,0.002965
WC711619,0.016337
WC711620,0.001703
WC711621,0.004096
WC711622,0.001671
WC711623,0.004272
WC711624,0.006626
WC711625,0.040295
WC711626,0.024289
WC711627,0.032481
WC711628,0.013075
WC711629,0.001368
WC711630,0.033817
WC711631,0.000819
WC711632,0.018443
WC711633,0.001439
WC711634,0.001888
WC711635,0.001587
WC711636,0.020437
WC711637,0.000691
WC711638,0.008997
WC711639,0.007067
WC711640,0.002399
WC711641,0.001619
WC711642,0.001728
WC711643,0.00258
WC711644,0.002281
WC711645,0.001998
WC711646,0.006045
WC711647,0.010223
WC711648,0.00454
WC711649,0.001656
WC711650,0.002192
WC711651,0.003741
WC711652,0.00232
WC711653,0.00085
WC711654,0.001906
WC711655,0.013991
WC711656,0.002314
WC711657,0.011631
WC711658,0.39143
WC711659,0.022292
WC711660,0.006087
WC711661,0.073457
WC711662,0.001694
WC711663,0.001101
WC711664,0.199982
WC711665,0.001256
WC711666,0.001237
WC711667,0.076097
WC711668,0.002068
WC711669,0.005486
WC711670,0.362841
WC711671,0.003368
WC711672,0.001365
WC711673,0.000992
WC711674,0.005364
WC711675,0.002327
WC711676,0.001065
WC711677,0.001283
WC711678,0.001644
WC711679,0.005659
WC711680,0.003378
WC711681,0.013235
WC711682,0.025792
WC711683,0.001479
WC711684,0.003868
WC711685,0.001746
WC711686,0.213539
WC711687,0.002293
WC711688,0.004676
WC711689,0.045677
WC711690,0.001404
WC711691,0.001529
WC711692,0.009018
WC711693,0.077477
WC711694,0.012236
WC711695,0.008849
WC711696,0.001355
WC711697,0.010612
WC711698,0.002335
WC711699,0.003253
WC711700,0.001496
WC711701,0.043811
WC711702,0.002497
WC711703,0.716041
WC711704,0.110779
WC711705,0.001031
WC711706,0.096027
WC711707,0.002941
WC711708,0.001833
WC711709,0.001848
WC711710,0.003043
WC711711,0.007108
WC711712,0.001824
WC711713,0.003181
WC711714,0.001482
WC711715,0.003747
WC711716,0.002238
WC711717,0.002353
WC711718,0.004024
WC711719,0.003951
WC711720,0.002276
WC711721,0.001523
WC711722,0.001536
WC711723,0.004759
WC711724,0.014099
WC711725,0.002832
WC711726,0.056295
WC711727,0.006471
WC711728,0.001776
WC711729,0.008305
WC711730,0.004318
WC711731,0.001544
WC711732,0.005831
WC711733,0.03541
WC711734,0.009137
WC711735,0.002022
WC711736,0.001951
WC711737,0.005896
WC711738,0.002022
WC711739,0.003557
WC711740,0.006147
WC711741,0.002615
WC711742,0.00182
WC711743,0.001954
WC711744,0.01314
WC711745,0.001807
WC711746,0.00062
WC711747,0.015317
WC711748,0.00149
WC711749,0.0009
WC711750,0.003282
WC711751,0.023763
WC711752,0.569516
WC711753,0.002157
WC711754,0.002125
WC711755,0.021916
WC711756,0.007516
WC711757,0.001654
WC711758,0.00119
WC711759,0.040633
WC711760,0.026357
WC711761,0.002308
WC711762,0.012913
WC711763,0.001227
WC711764,0.005342
WC711765,0.027267
WC711766,0.015249
WC711767,0.257867
WC711768,0.039151
WC711769,0.003489
WC711770,0.003571
WC711771,0.002062
WC711772,0.000988
WC711773,0.009606
WC711774,0.054395
WC711775,0.00476
WC711776,0.001609
WC711777,0.002404
WC711778,0.001001
WC711779,0.008012
WC711780,0.001103
WC711781,0.002103
WC711782,0.026474
WC711783,0.002173
WC711784,0.001224
WC711785,0.01711
WC711786,0.007456
WC711787,0.003848
WC711788,0.003399
WC711789,0.00059
WC711790,0.006377
WC711791,0.004101
WC711792,0.00046
WC711793,0.00127
WC711794,0.139188
WC711795,0.059489
WC711796,0.00281
WC711797,0.002025
WC711798,0.002269
WC711799,0.002256
WC711800,0.06791
WC711801,0.001963
WC711802,0.009005
WC711803,0.021008
WC711804,0.001245
WC711805,0.011508
WC711806,0.167396
WC711807,0.018644
WC711808,0.00161
WC711809,0.00284
WC711810,0.893829
WC711811,0.001492
WC711812,0.003839
WC711813,0.00095
WC711814,0.004482
WC711815,0.001954
WC711816,0.014839
WC711817,0.00205
WC711818,0.472021
WC711819,0.001843
WC711820,0.034639
WC711821,0.002836
WC711822,0.006483
WC711823,0.381955
WC711824,0.001291
WC711825,0.005586
WC711826,0.000888
WC711827,0.010338
WC711828,0.001565
WC711829,0.002051
WC711830,0.000703
WC711831,0.002735
WC711832,0.011936
WC711833,0.002262
WC711834,0.006571
WC711835,0.003165
WC711836,0.00279
WC711837,0.009895
WC711838,0.001263
WC711839,0.004272
WC711840,0.127318
WC711841,0.001553
WC711842,0.001357
WC711843,0.001348
WC711844,0.007054
WC711845,0.003332
WC711846,0.047221
WC711847,0.005413
WC711848,0.003867
WC711849,0.000997
WC711850,0.014279
WC711851,0.002162
WC711852,0.004798
WC711853,0.000864
WC711854,0.001097
WC711855,0.010973
WC711856,0.003683
WC711857,0.004228
WC711858,0.00281
WC711859,0.001444
WC711860,0.149722
WC711861,0.877304
WC711862,0.005177
WC711863,0.001532
WC711864,0.001846
WC711865,0.071114
WC711866,0.017491
WC711867,0.097253
WC711868,0.007786
WC711869,0.00528
WC711870,0.002974
WC711871,0.001701
WC711872,0.001004
WC711873,0.001589
WC711874,0.004585
WC711875,0.003212
WC711876,0.001209
WC711877,0.001402
WC711878,0.003598
WC711879,0.053565
WC711880,0.002754
WC711881,0.018136
WC711882,0.004227
WC711883,0.001994
WC711884,0.007478
WC711885,0.004724
WC711886,0.00129
WC711887,0.95143
WC711888,0.182129
WC711889,0.009955
WC711890,0.002671
WC711891,0.001807
WC711892,0.001492
WC711893,0.00079
WC711894,0.002179
WC711895,0.003162
WC711896,0.001804
WC711897,0.032436
WC711898,0.020771
WC711899,0.003257
WC711900,0.001028
WC711901,0.002462
WC711902,0.012719
WC711903,0.008338
WC711904,0.001109
WC711905,0.002964
WC711906,0.00393
WC711907,0.704458
WC711908,0.62727
WC711909,0.001711
WC711910,0.002252
WC711911,0.001501
WC711912,0.003349
WC711913,0.00175
WC711914,0.009027
WC711915,0.002244
WC711916,0.000446
WC711917,0.024278
WC711918,0.016039
WC711919,0.001957
WC711920,0.011852
WC711921,0.002059
WC711922,0.005976
WC711923,0.002543
WC711924,0.001543
WC711925,0.057839
WC711926,0.0009
WC711927,0.001111
WC711928,0.003073
WC711929,0.00266
WC711930,0.016052
WC711931,0.018507
WC711932,0.006744
WC711933,0.029813
WC711934,0.002462
WC711935,0.310379
WC711936,0.002174
WC711937,0.002331
WC711938,0.008437
WC711939,0.004373
WC711940,0.023268
WC711941,0.007588
WC711942,0.108359
WC711943,0.001843
WC711944,0.003957
WC711945,0.003409
WC711946,0.661929
WC711947,0.003966
WC711948,0.011632
WC711949,0.003952
WC711950,0.175692
WC711951,0.001158
WC711952,0.007301
WC711953,0.001721
WC711954,0.002118
WC711955,0.017455
WC711956,0.001381
WC711957,0.000751
WC711958,0.016078
WC711959,0.001905
WC711960,0.026547
WC711961,0.008932
WC711962,0.003846
WC711963,0.218675
WC711964,0.057809
WC711965,0.002031
WC711966,0.001
WC711967,0.002361
WC711968,0.000665
WC711969,0.002716
WC711970,0.001233
WC711971,0.008031
WC711972,0.002047
WC711973,0.001055
WC711974,0.002449
WC711975,0.000934
WC711976,0.024865
WC711977,0.004126
WC711978,0.00382
WC711979,0.001346
WC711980,0.001705
WC711981,0.001036
WC711982,0.001117
WC711983,0.00491
WC711984,0.941635
WC711985,0.001282
WC711986,0.001757
WC711987,0.013767
WC711988,0.001636
WC711989,0.002553
WC711990,0.001683
WC711991,0.054401
WC711992,0.000732
WC711993,0.006767
WC711994,0.001769
WC711995,0.002471
WC711996,0.015508
WC711997,0.000773
WC711998,0.000878
WC711999,0.000862
WC712000,0.062503
WC712001,0.00201
WC712002,0.006143
WC712003,0.002041
WC712004,0.002789
WC712005,0.001551
WC712006,0.002553
WC712007,0.003608
WC712008,0.052484
WC712009,0.027214
WC712010,0.122138
WC712011,0.005235
WC712012,0.45968
WC712013,0.001443
WC712014,0.000585
WC712015,0.045757
WC712016,0.001623
WC712017,0.001412
WC712018,0.008898
WC712019,0.007658
WC712020,0.004506
WC712021,0.08486
WC712022,0.002406
WC712023,0.007832
WC712024,0.00517
WC712025,0.057266
WC712026,0.002867
WC712027,0.307139
WC712028,0.023325
WC712029,0.000684
WC712030,0.026129
WC712031,0.010232
WC712032,0.080047
WC712033,0.002019
WC712034,0.002919
WC712035,0.000908
WC712036,0.001211
WC712037,0.006698
WC712038,0.002164
WC712039,0.082801
WC712040,0.003961
WC712041,0.00191
WC712042,0.001364
WC712043,0.013872
WC712044,0.003009
WC712045,0.001579
WC712046,0.001943
WC712047,0.018583
WC712048,0.001023
WC712049,0.002522
WC712050,0.009006
WC712051,0.04958
WC712052,0.004566
WC712053,0.003783
WC712054,0.054679
WC712055,0.001527
WC712056,0.001832
WC712057,0.007607
WC712058,0.007003
WC712059,0.004535
WC712060,0.001652
WC712061,0.002565
WC712062,0.004688
WC712063,0.008028
WC712064,0.007773
WC712065,0.00184
WC712066,0.004198
WC712067,0.027587
WC712068,0.005952
WC712069,0.002647
WC712070,0.004194
WC712071,0.001894
WC712072,0.000889
WC712073,0.03739
WC712074,0.007249
WC712075,0.001781
WC712076,0.043086
WC712077,0.002754
WC712078,0.003416
WC712079,0.029733
WC712080,0.068449
WC712081,0.002949
WC712082,0.002913
WC712083,0.015645
WC712084,0.014355
WC712085,0.003072
WC712086,0.068323
WC712087,0.003354
WC712088,0.002626
WC712089,0.001286
WC712090,0.002101
WC712091,0.025869
WC712092,0.96265
WC712093,0.003953
WC712094,0.003375
WC712095,0.005086
WC712096,0.002842
WC712097,0.01646
WC712098,0.002278
WC712099,0.074759
WC712100,0.021108
WC712101,0.001498
WC712102,0.007037
WC712103,0.001214
WC712104,0.01873
WC712105,0.001922
WC712106,0.004995
WC712107,0.001825
WC712108,0.000777
WC712109,0.002291
WC712110,0.354048
WC712111,0.019171
WC712112,0.002246
WC712113,0.004305
WC712114,0.003645
WC712115,0.00173
WC712116,0.003314
WC712117,0.083636
WC712118,0.002022
WC712119,0.32819
WC712120,0.002298
WC712121,0.000785
WC712122,0.000805
WC712123,0.001978
WC712124,0.009549
WC712125,0.00113
WC712126,0.001458
WC712127,0.001555
WC712128,0.834007
WC712129,0.002532
WC712130,0.003631
WC712131,0.001557
WC712132,0.029651
WC712133,0.004536
WC712134,0.006136
WC712135,0.002462
WC712136,0.001572
WC712137,0.00234
WC712138,0.085555
WC712139,0.016008
WC712140,0.004606
WC712141,0.010918
WC712142,0.003942
WC712143,0.001663
WC712144,0.000663
WC712145,0.002779
WC712146,0.002357
WC712147,0.001776
WC712148,0.001727
WC712149,0.000767
WC712150,0.001586
WC712151,0.001853
WC712152,0.041149
WC712153,0.002214
WC712154,0.001649
WC712155,0.001384
WC712156,0.032779
WC712157,0.001374
WC712158,0.002506
WC712159,0.014282
WC712160,0.00167
WC712161,0.001505
WC712162,0.002365
WC712163,0.01203
WC712164,0.0016
WC712165,0.013845
WC712166,0.001841
WC712167,0.001859
WC712168,0.004408
WC712169,0.003607
WC712170,0.006434
WC712171,0.002118
WC712172,0.199479
WC712173,0.112005
WC712174,0.021163
WC712175,0.622452
WC712176,0.002168
WC712177,0.018969
WC712178,0.005569
WC712179,0.080172
WC712180,0.839813
WC712181,0.004825
WC712182,0.006754
WC712183,0.002249
WC712184,0.040924
WC712185,0.042173
WC712186,0.464612
WC712187,0.019011
WC712188,0.005564
WC712189,0.005275
WC712190,0.00461
WC712191,0.009537
WC712192,0.003482
WC712193,0.003108
WC712194,0.000826
WC712195,0.002187
WC712196,0.003118
WC712197,0.001074
WC712198,0.002064
WC712199,0.003722
WC712200,0.016664
WC712201,0.004866
WC712202,0.020071
WC712203,0.073806
WC712204,0.01559
WC712205,0.014516
WC712206,0.003015
WC712207,0.000925
WC712208,0.002331
WC712209,0.000878
WC712210,0.003526
WC712211,0.002563
WC712212,0.005492
WC712213,0.099291
WC712214,0.002251
WC712215,0.001561
WC712216,0.002222
WC712217,0.005906
WC712218,0.011265
WC712219,0.00545
WC712220,0.00161
WC712221,0.031002
WC712222,0.023428
WC712223,0.00412
WC712224,0.06498
WC712225,0.006888
WC712226,0.612933
WC712227,0.06079
WC712228,0.780295
WC712229,0.000844
WC712230,0.004641
WC712231,0.001383
WC712232,0.036209
WC712233,0.003611
WC712234,0.025003
WC712235,0.009726
WC712236,0.00147
WC712237,0.003123
WC712238,0.001021
WC712239,0.021651
WC712240,0.001423
WC712241,0.001158
WC712242,0.002221
WC712243,0.001796
WC712244,0.016283
WC712245,0.001852
WC712246,0.026433
WC712247,0.001158
WC712248,0.00203
WC712249,0.001339
WC712250,0.023869
WC712251,0.001009
WC712252,0.795362
WC712253,0.002686
WC712254,0.561531
WC712255,0.010183
WC712256,0.002045
WC712257,0.009481
WC712258,0.014775
WC712259,0.001226
WC712260,0.00792
WC712261,0.120474
WC712262,0.005283
WC712263,0.001298
WC712264,0.010312
WC712265,0.028984
WC712266,0.045558
WC712267,0.003114
WC712268,0.010352
WC712269,0.0031
WC712270,0.000846
WC712271,0.028094
WC712272,0.003866
WC712273,0.015561
WC712274,0.013994
WC712275,0.014654
WC712276,0.002769
WC712277,0.001047
WC712278,0.003547
WC712279,0.00357
WC712280,0.003186
WC712281,0.002744
WC712282,0.005017
WC712283,0.068807
WC712284,0.071877
WC712285,0.002171
WC712286,0.000964
WC712287,0.001308
WC712288,0.045466
WC712289,0.066667
WC712290,0.008465
WC712291,0.000972
WC712292,0.003777
WC712293,0.001695
WC712294,0.050847
WC712295,0.17242
WC712296,0.008746
WC712297,0.00261
WC712298,0.002139
WC712299,0.001578
WC712300,0.015597
WC712301,0.008918
WC712302,0.000617
WC712303,0.004876
WC712304,0.008544
WC712305,0.000609
WC712306,0.005124
WC712307,0.000889
WC712308,0.086659
WC712309,0.001536
WC712310,0.00942
WC712311,0.000985
WC712312,0.019516
WC712313,0.001433
WC712314,0.00388
WC712315,0.01581
WC712316,0.012844
WC712317,0.002432
WC712318,0.034102
WC712319,0.003162
WC712320,0.007456
WC712321,0.001217
WC712322,0.003669
WC712323,0.001322
WC712324,0.00303
WC712325,0.00448
WC712326,0.003586
WC712327,0.0026
WC712328,0.003469
WC712329,0.718224
WC712330,0.022135
WC712331,0.001551
WC712332,0.001643
WC712333,0.004336
WC712334,0.026963
WC712335,0.001472
WC712336,0.002868
WC712337,0.004207
WC712338,0.001491
WC712339,0.003542
WC712340,0.018959
WC712341,0.002759
WC712342,0.008992
WC712343,0.034076
WC712344,0.007115
WC712345,0.01241
WC712346,0.008031
WC712347,0.873471
WC712348,0.001568
WC712349,0.006921
WC712350,0.001919
WC712351,0.000837
WC712352,0.006475
WC712353,0.001071
WC712354,0.051476
WC712355,0.000732
WC712356,0.040187
WC712357,0.00145
WC712358,0.389105
WC712359,0.00152
WC712360,0.001682
WC712361,0.021508
WC712362,0.001869
WC712363,0.000699
WC712364,0.054672
WC712365,0.047906
WC712366,0.020078
WC712367,0.002495
WC712368,0.018522
WC712369,0.029839
WC712370,0.035382
WC712371,0.01055
WC712372,0.070113
WC712373,0.030464
WC712374,0.002451
WC712375,0.004055
WC712376,0.002911
WC712377,0.00481
WC712378,0.059551
WC712379,0.0013
WC712380,0.459909
WC712381,0.214758
WC712382,0.032515
WC712383,0.002514
WC712384,0.083988
WC712385,0.002481
WC712386,0.001004
WC712387,0.003989
WC712388,0.036519
WC712389,0.014157
WC712390,0.016978
WC712391,0.063028
WC712392,0.007876
WC712393,0.006585
WC712394,0.002131
WC712395,0.001103
WC712396,0.005716
WC712397,0.012361
WC712398,0.000877
WC712399,0.004081
WC712400,0.973679
WC712401,0.003264
WC712402,0.120473
WC712403,0.000869
WC712404,0.004162
WC712405,0.01065
WC712406,0.004398
WC712407,0.018413
WC712408,0.011722
WC712409,0.014085
WC712410,0.002522
WC712411,0.003074
WC712412,0.012786
WC712413,0.003036
WC712414,0.059953
WC712415,0.002071
WC712416,0.008114
WC712417,0.002755
WC712418,0.00398
WC712419,0.002415
WC712420,0.008564
WC712421,0.001956
WC712422,0.00227
WC712423,0.013746
WC712424,0.001772
WC712425,0.014822
WC712426,0.005099
WC712427,0.009262
WC712428,0.001724
WC712429,0.003237
WC712430,0.014505
WC712431,0.002729
WC712432,0.042208
WC712433,0.013508
WC712434,0.006406
WC712435,0.078528
WC712436,0.002892
WC712437,0.001588
WC712438,0.022836
WC712439,0.042038
WC712440,0.002681
WC712441,0.004429
WC712442,0.01783
WC712443,0.003856
WC712444,0.00523
WC712445,0.001144
WC712446,0.003689
WC712447,0.003601
WC712448,0.00493
WC712449,0.016215
WC712450,0.198911
WC712451,0.011149
WC712452,0.063683
WC712453,0.002926
WC712454,0.018719
WC712455,0.014103
WC712456,0.00311
WC712457,0.003009
WC712458,0.006326
WC712459,0.001417
WC712460,0.003092
WC712461,0.00943
WC712462,0.023977
WC712463,0.049078
WC712464,0.000826
WC712465,0.04668
WC712466,0.017735
WC712467,0.009368
WC712468,0.002657
WC712469,0.001829
WC712470,0.004518
WC712471,0.009396
WC712472,0.002048
WC712473,0.002543
WC712474,0.032546
WC712475,0.008917
WC712476,0.00091
WC712477,0.691245
WC712478,0.046933
WC712479,0.007793
WC712480,0.105385
WC712481,0.001697
WC712482,0.054182
WC712483,0.005517
WC712484,0.022867
WC712485,0.000738
WC712486,0.228103
WC712487,0.00881
WC712488,0.010245
WC712489,0.01035
WC712490,0.002406
WC712491,0.033848
WC712492,0.000674
WC712493,0.405046
WC712494,0.000921
WC712495,0.056696
WC712496,0.00322
WC712497,0.001151
WC712498,0.001463
WC712499,0.003148
WC712500,0.001153
WC712501,0.000729
WC712502,0.005048
WC712503,0.012114
WC712504,0.003224
WC712505,0.017389
WC712506,0.022301
WC712507,0.018143
WC712508,0.017168
WC712509,0.057625
WC712510,0.008364
WC712511,0.010481
WC712512,0.001709
WC712513,0.002943
WC712514,0.00177
WC712515,0.003647
WC712516,0.031849
WC712517,0.001229
WC712518,0.000995
WC712519,0.027011
WC712520,0.002512
WC712521,0.001996
WC712522,0.003613
WC712523,0.001748
WC712524,0.001422
WC712525,0.004578
WC712526,0.058668
WC712527,0.020167
WC712528,0.028325
WC712529,0.001478
WC712530,0.009804
WC712531,0.00404
WC712532,0.005319
WC712533,0.002484
WC712534,0.002236
WC712535,0.018451
WC712536,0.001964
WC712537,0.003122
WC712538,0.108502
WC712539,0.002583
WC712540,0.001343
WC712541,0.000852
WC712542,0.001714
WC712543,0.003758
WC712544,0.042696
WC712545,0.00066
WC712546,0.010986
WC712547,0.000956
WC712548,0.004575
WC712549,0.003707
WC712550,0.00152
WC712551,0.003384
WC712552,0.018545
WC712553,0.009588
WC712554,0.009132
WC712555,0.00111
WC712556,0.019463
WC712557,0.009851
WC712558,0.001176
WC712559,0.002877
WC712560,0.001266
WC712561,0.001665
WC712562,0.001778
WC712563,0.001643
WC712564,0.001433
WC712565,0.00973
WC712566,0.002195
WC712567,0.027801
WC712568,0.032111
WC712569,0.026143
WC712570,0.00201
WC712571,0.004238
WC712572,0.016887
WC712573,0.026741
WC712574,0.002508
WC712575,0.005035
WC712576,0.002749
WC712577,0.002149
WC712578,0.352764
WC712579,0.003973
WC712580,0.019839
WC712581,0.002647
WC712582,0.002688
WC712583,0.003257
WC712584,0.006255
WC712585,0.002327
WC712586,0.010682
WC712587,0.003872
WC712588,0.002284
WC712589,0.002243
WC712590,0.0009
WC712591,0.037384
WC712592,0.000556
WC712593,0.00478
WC712594,0.003884
WC712595,0.004179
WC712596,0.002279
WC712597,0.002151
WC712598,0.003582
WC712599,0.012777
WC712600,0.001621
WC712601,0.003024
WC712602,0.000673
WC712603,0.004321
WC712604,0.002143
WC712605,0.005392
WC712606,0.001055
WC712607,0.002632
WC712608,0.008518
WC712609,0.002525
WC712610,0.020338
WC712611,0.00126
WC712612,0.01564
WC712613,0.002128
WC712614,0.001577
WC712615,0.001869
WC712616,0.001443
WC712617,0.00502
WC712618,0.001258
WC712619,0.010843
WC712620,0.003251
WC712621,0.001679
WC712622,0.003848
WC712623,0.002016
WC712624,0.024557
WC712625,0.002414
WC712626,0.007464
WC712627,0.001299
WC712628,0.005432
WC712629,0.001919
WC712630,0.020698
WC712631,0.004083
WC712632,0.005859
WC712633,0.009639
WC712634,0.002499
WC712635,0.001895
WC712636,0.00082
WC712637,0.002224
WC712638,0.001448
WC712639,0.002822
WC712640,0.461954
WC712641,0.020305
WC712642,0.147101
WC712643,0.001277
WC712644,0.061537
WC712645,0.0027
WC712646,0.003875
WC712647,0.014828
WC712648,0.006147
WC712649,0.00251
WC712650,0.001731
WC712651,0.009804
WC712652,0.002982
WC712653,0.000714
WC712654,0.00153
WC712655,0.008105
WC712656,0.001279
WC712657,0.000669
WC712658,0.002056
WC712659,0.698871
WC712660,0.060507
WC712661,0.03156
WC712662,0.001308
WC712663,0.041922
WC712664,0.004831
WC712665,0.141746
WC712666,0.004231
WC712667,0.003308
WC712668,0.001448
WC712669,0.749869
WC712670,0.002271
WC712671,0.017612
WC712672,0.110178
WC712673,0.001283
WC712674,0.101607
WC712675,0.00231
WC712676,0.09729
WC712677,0.002348
WC712678,0.004246
WC712679,0.004023
WC712680,0.014816
WC712681,0.010947
WC712682,0.004864
WC712683,0.000666
WC712684,0.001476
WC712685,0.00097
WC712686,0.002961
WC712687,0.000727
WC712688,0.001924
WC712689,0.002083
WC712690,0.004168
WC712691,0.001266
WC712692,0.275458
WC712693,0.048071
WC712694,0.002354
WC712695,0.001697
WC712696,0.001164
WC712697,0.047561
WC712698,0.007419
WC712699,0.010389
WC712700,0.008379
WC712701,0.003604
WC712702,0.032207
WC712703,0.001767
WC712704,0.001713
WC712705,0.003725
WC712706,0.080398
WC712707,0.000913
WC712708,0.002835
WC712709,0.051378
WC712710,0.001004
WC712711,0.002617
WC712712,0.041969
WC712713,0.003183
WC712714,0.002944
WC712715,0.059317
WC712716,0.000964
WC712717,0.006455
WC712718,0.002799
WC712719,0.00969
WC712720,0.015548
WC712721,0.15795
WC712722,0.00142
WC712723,0.001427
WC712724,0.912869
WC712725,0.002353
WC712726,0.070038
WC712727,0.003709
WC712728,0.012778
WC712729,0.003137
WC712730,0.006534
WC712731,0.001324
WC712732,0.000417
WC712733,0.005894
WC712734,0.130845
WC712735,0.660755
WC712736,0.002598
WC712737,0.003324
WC712738,0.001657
WC712739,0.65502
WC712740,0.000713
WC712741,0.001046
WC712742,0.041939
WC712743,0.002347
WC712744,0.00108
WC712745,0.004172
WC712746,0.00113
WC712747,0.001021
WC712748,0.07441
WC712749,0.023046
WC712750,0.016958
WC712751,0.028759
WC712752,0.119829
WC712753,0.001511
WC712754,0.653007
WC712755,0.000948
WC712756,0.000982
WC712757,0.004246
WC712758,0.004665
WC712759,0.004047
WC712760,0.091985
WC712761,0.001158
WC712762,0.001301
WC712763,0.002748
WC712764,0.002094
WC712765,0.000725
WC712766,0.005719
WC712767,0.017383
WC712768,0.003416
WC712769,0.008176
WC712770,0.019169
WC712771,0.004875
WC712772,0.00122
WC712773,0.001312
WC712774,0.009882
WC712775,0.028177
WC712776,0.051633
WC712777,0.019938
WC712778,0.012945
WC712779,0.001669
WC712780,0.582473
WC712781,0.009281
WC712782,0.006369
WC712783,0.004095
WC712784,0.01412
WC712785,0.002715
WC712786,0.913494
WC712787,0.002756
WC712788,0.011111
WC712789,0.002057
WC712790,0.011729
WC712791,0.003196
WC712792,0.0022
WC712793,0.000976
WC712794,0.006596
WC712795,0.001581
WC712796,0.001807
WC712797,0.004175
WC712798,0.002074
WC712799,0.005471
WC712800,0.006996
WC712801,0.22992
WC712802,0.001168
WC712803,0.000612
WC712804,0.002099
WC712805,0.001528
WC712806,0.7177
WC712807,0.001679
WC712808,0.005081
WC712809,0.004847
WC712810,0.021952
WC712811,0.015125
WC712812,0.742438
WC712813,0.041709
WC712814,0.01043
WC712815,0.003604
WC712816,0.005655
WC712817,0.064109
WC712818,0.096786
WC712819,0.071373
WC712820,0.012665
WC712821,0.004335
WC712822,0.010063
WC712823,0.001229
WC712824,0.000958
WC712825,0.001521
WC712826,0.001999
WC712827,0.006444
WC712828,0.002017
WC712829,0.01259
WC712830,0.001765
WC712831,0.008405
WC712832,0.678587
WC712833,0.044242
WC712834,0.002896
WC712835,0.094142
WC712836,0.000759
WC712837,0.000799
WC712838,0.001149
WC712839,0.001031
WC712840,0.047617
WC712841,0.0055
WC712842,0.002831
WC712843,0.003663
WC712844,0.064953
WC712845,0.002117
WC712846,0.004654
WC712847,0.005412
WC712848,0.003317
WC712849,0.001218
WC712850,0.002522
WC712851,0.005529
WC712852,0.007333
WC712853,0.009688
WC712854,0.003472
WC712855,0.019515
WC712856,0.001374
WC712857,0.001715
WC712858,0.012552
WC712859,0.00109
WC712860,0.01252
WC712861,0.017075
WC712862,0.107959
WC712863,0.003046
WC712864,0.002499
WC712865,0.002793
WC712866,0.002982
WC712867,0.002997
WC712868,0.004732
WC712869,0.001646
WC712870,0.001693
WC712871,0.001572
WC712872,0.001466
WC712873,0.000918
WC712874,0.001392
WC712875,0.003455
WC712876,0.002685
WC712877,0.012649
WC712878,0.003072
WC712879,0.003253
WC712880,0.019291
WC712881,0.292737
WC712882,0.015286
WC712883,0.007966
WC712884,0.003604
WC712885,0.018824
WC712886,0.043452
WC712887,0.102828
WC712888,0.002091
WC712889,0.002014
WC712890,0.002324
WC712891,0.004327
WC712892,0.021867
WC712893,0.053258
WC712894,0.027785
WC712895,0.038463
WC712896,0.059133
WC712897,0.001585
WC712898,0.024902
WC712899,0.029189
WC712900,0.086008
WC712901,0.100388
WC712902,0.005187
WC712903,0.061929
WC712904,0.002061
WC712905,0.003055
WC712906,0.011325
WC712907,0.977814
WC712908,0.017883
WC712909,0.001806
WC712910,0.008516
WC712911,0.001253
WC712912,0.001658
WC712913,0.00986
WC712914,0.004513
WC712915,0.008719
WC712916,0.008494
WC712917,0.016715
WC712918,0.612372
WC712919,0.009096
WC712920,0.017605
WC712921,0.600506
WC712922,0.082861
WC712923,0.003181
WC712924,0.022859
WC712925,0.006648
WC712926,0.067056
WC712927,0.002163
WC712928,0.012636
WC712929,0.001509
WC712930,0.036069
WC712931,0.005967
WC712932,0.001029
WC712933,0.054099
WC712934,0.007407
WC712935,0.001343
WC712936,0.041079
WC712937,0.015456
WC712938,0.463755
WC712939,0.000854
WC712940,0.004546
WC712941,0.003974
WC712942,0.002618
WC712943,0.034203
WC712944,0.009566
WC712945,0.001298
WC712946,0.002885
WC712947,0.003505
WC712948,0.031637
WC712949,0.00213
WC712950,0.001003
WC712951,0.010229
WC712952,0.0027
WC712953,0.002265
WC712954,0.004906
WC712955,0.042137
WC712956,0.019335
WC712957,0.003729
WC712958,0.005324
WC712959,0.001017
WC712960,0.004896
WC712961,0.013115
WC712962,0.008695
WC712963,0.004922
WC712964,0.002335
WC712965,0.00411
WC712966,0.001122
WC712967,0.00443
WC712968,0.001315
WC712969,0.00083
WC712970,0.001769
WC712971,0.002365
WC712972,0.653887
WC712973,0.006855
WC712974,0.027955
WC712975,0.000799
WC712976,0.010336
WC712977,0.033937
WC712978,0.053313
WC712979,0.039049
WC712980,0.003754
WC712981,0.003358
WC712982,0.017094
WC712983,0.0007
WC712984,0.002635
WC712985,0.00159
WC712986,0.003803
WC712987,0.036589
WC712988,0.021819
WC712989,0.0014
WC712990,0.068105
WC712991,0.031733
WC712992,0.001899
WC712993,0.000549
WC712994,0.002227
WC712995,0.055631
WC712996,0.001557
WC712997,0.008332
WC712998,0.002148
WC712999,0.007174
WC713000,0.036879
WC713001,0.001942
WC713002,0.001525
WC713003,0.002729
WC713004,0.001973
WC713005,0.002436
WC713006,0.021629
WC713007,0.00133
WC713008,0.003938
WC713009,0.004603
WC713010,0.003673
WC713011,0.002636
WC713012,0.002985
WC713013,0.001496
WC713014,0.00112
WC713015,0.001729
WC713016,0.025174
WC713017,0.036629
WC713018,0.002232
WC713019,0.003997
WC713020,0.693335
WC713021,0.000899
WC713022,0.016663
WC713023,0.003719
WC713024,0.015596
WC713025,0.001112
WC713026,0.001037
WC713027,0.024227
WC713028,0.050165
WC713029,0.89943
WC713030,0.02429
WC713031,0.004792
WC713032,0.455051
WC713033,0.001741
WC713034,0.019544
WC713035,0.00142
WC713036,0.071512
WC713037,0.008202
WC713038,0.011367
WC713039,0.001139
WC713040,0.704704
WC713041,0.000802
WC713042,0.001004
WC713043,0.010748
WC713044,0.001936
WC713045,0.006013
WC713046,0.001193
WC713047,0.017987
WC713048,0.055022
WC713049,0.001644
WC713050,0.002721
WC713051,0.007228
WC713052,0.903723
WC713053,0.038785
WC713054,0.001191
WC713055,0.001556
WC713056,0.751457
WC713057,0.053675
WC713058,0.895341
WC713059,0.053822
WC713060,0.001252
WC713061,0.001506
WC713062,0.002154
WC713063,0.002872
WC713064,0.002167
WC713065,0.00152
WC713066,0.001152
WC713067,0.001691
WC713068,0.051455
WC713069,0.008372
WC713070,0.004114
WC713071,0.065534
WC713072,0.005432
WC713073,0.005787
WC713074,0.010284
WC713075,0.005666
WC713076,0.00391
WC713077,0.003736
WC713078,0.001662
WC713079,0.761687
WC713080,0.001582
WC713081,0.00448
WC713082,0.000951
WC713083,0.007424
WC713084,0.003005
WC713085,0.00126
WC713086,0.001501
WC713087,0.019236
WC713088,0.002595
WC713089,0.004307
WC713090,0.001239
WC713091,0.000978
WC713092,0.02962
WC713093,0.001855
WC713094,0.001973
WC713095,0.000336
WC713096,0.001523
WC713097,0.003139
WC713098,0.560419
WC713099,0.063174
WC713100,0.026069
WC713101,0.001428
WC713102,0.00278
WC713103,0.001916
WC713104,0.325944
WC713105,0.000781
WC713106,0.051985
WC713107,0.012462
WC713108,0.002366
WC713109,0.001978
WC713110,0.020354
WC713111,0.001784
WC713112,0.002187
WC713113,0.001691
WC713114,0.000925
WC713115,0.009327
WC713116,0.002201
WC713117,0.725888
WC713118,0.239365
WC713119,0.00301
WC713120,0.035366
WC713121,0.002149
WC713122,0.371214
WC713123,0.000935
WC713124,0.035998
WC713125,0.004253
WC713126,0.000436
WC713127,0.001047
WC713128,0.003954
WC713129,0.000966
WC713130,0.036543
WC713131,0.002813
WC713132,0.001497
WC713133,0.010098
WC713134,0.147658
WC713135,0.002159
WC713136,0.033228
WC713137,0.041989
WC713138,0.021385
WC713139,0.001938
WC713140,0.761707
WC713141,0.003126
WC713142,0.000524
WC713143,0.002159
WC713144,0.000914
WC713145,0.005898
WC713146,0.002487
WC713147,0.035119
WC713148,0.003259
WC713149,0.012069
WC713150,0.008208
WC713151,0.013567
WC713152,0.002314
WC713153,0.002221
WC713154,0.025094
WC713155,0.139166
WC713156,0.01114
WC713157,0.012662
WC713158,0.004199
WC713159,0.017632
WC713160,0.037041
WC713161,0.004682
WC713162,0.01576
WC713163,0.002908
WC713164,0.001381
WC713165,0.000714
WC713166,0.001198
WC713167,0.002204
WC713168,0.001441
WC713169,0.010311
WC713170,0.000622
WC713171,0.001234
WC713172,0.041583
WC713173,0.002204
WC713174,0.005449
WC713175,0.003886
WC713176,0.001539
WC713177,0.008352
WC713178,0.001362
WC713179,0.013282
WC713180,0.016288
WC713181,0.00502
WC713182,0.039153
WC713183,0.00724
WC713184,0.001372
WC713185,0.004239
WC713186,0.001624
WC713187,0.001391
WC713188,0.000948
WC713189,0.024488
WC713190,0.001839
WC713191,0.76816
WC713192,0.002553
WC713193,0.014298
WC713194,0.006594
WC713195,0.006098
WC713196,0.053693
WC713197,0.007977
WC713198,0.00199
WC713199,0.029039
WC713200,0.000875
WC713201,0.00172
WC713202,0.001826
WC713203,0.004956
WC713204,0.021254
WC713205,0.028139
WC713206,0.00096
WC713207,0.000948
WC713208,0.001102
WC713209,0.001601
WC713210,0.00625
WC713211,0.017851
WC713212,0.001662
WC713213,0.015184
WC713214,0.001223
WC713215,0.009192
WC713216,0.042085
WC713217,0.003301
WC713218,0.00136
WC713219,0.003524
WC713220,0.005087
WC713221,0.00186
WC713222,0.424018
WC713223,0.260934
WC713224,0.749966
WC713225,0.018183
WC713226,0.024232
WC713227,0.001447
WC713228,0.010541
WC713229,0.038184
WC713230,0.002466
WC713231,0.024816
WC713232,0.002417
WC713233,0.001571
WC713234,0.00115
WC713235,0.003491
WC713236,0.001964
WC713237,0.002763
WC713238,0.05437
WC713239,0.004928
WC713240,0.064235
WC713241,0.001606
WC713242,0.000926
WC713243,0.001391
WC713244,0.00445
WC713245,0.00107
WC713246,0.005956
WC713247,0.003165
WC713248,0.001582
WC713249,0.002406
WC713250,0.037109
WC713251,0.005735
WC713252,0.002352
WC713253,0.026909
WC713254,0.000834
WC713255,0.028982
WC713256,0.001691
WC713257,0.004703
WC713258,0.000877
WC713259,0.012378
WC713260,0.07776
WC713261,0.000817
WC713262,0.034977
WC713263,0.004695
WC713264,0.17517
WC713265,0.088172
WC713266,0.005919
WC713267,0.004657
WC713268,0.005807
WC713269,0.001066
WC713270,0.001839
WC713271,0.001561
WC713272,0.062589
WC713273,0.001068
WC713274,0.003384
WC713275,0.003512
WC713276,0.013584
WC713277,0.003272
WC713278,0.060911
WC713279,0.006464
WC713280,0.000589
WC713281,0.006387
WC713282,0.042069
WC713283,0.049014
WC713284,0.004015
WC713285,0.002849
WC713286,0.019277
WC713287,0.003328
WC713288,0.002659
WC713289,0.413397
WC713290,0.001037
WC713291,0.00087
WC713292,0.030234
WC713293,0.001671
WC713294,0.00426
WC713295,0.00117
WC713296,0.004978
WC713297,0.00183
WC713298,0.002807
WC713299,0.003227
WC713300,0.034859
WC713301,0.028671
WC713302,0.010824
WC713303,0.002469
WC713304,0.099834
WC713305,0.007587
WC713306,0.004301
WC713307,0.062442
WC713308,0.00226
WC713309,0.002069
WC713310,0.004841
WC713311,0.001595
WC713312,0.003143
WC713313,0.002813
WC713314,0.024584
WC713315,0.060016
WC713316,0.028379
WC713317,0.003205
WC713318,0.038986
WC713319,0.000828
WC713320,0.001239
WC713321,0.040785
WC713322,0.013008
WC713323,0.001032
WC713324,0.000957
WC713325,0.022128
WC713326,0.002789
WC713327,0.001921
WC713328,0.003242
WC713329,0.002755
WC713330,0.074651
WC713331,0.14827
WC713332,0.004076
WC713333,0.001708
WC713334,0.023481
WC713335,0.004429
WC713336,0.001949
WC713337,0.003738
WC713338,0.004438
WC713339,0.000837
WC713340,0.058126
WC713341,0.042219
WC713342,0.190169
WC713343,0.001194
WC713344,0.003455
WC713345,0.002976
WC713346,0.00666
WC713347,0.00229
WC713348,0.004552
WC713349,0.007201
WC713350,0.032271
WC713351,0.011444
WC713352,0.011248
WC713353,0.004308
WC713354,0.000976
WC713355,0.002579
WC713356,0.002046
WC713357,0.002075
WC713358,0.005291
WC713359,0.015791
WC713360,0.002636
WC713361,0.002149
WC713362,0.602184
WC713363,0.001453
WC713364,0.003083
WC713365,0.001472
WC713366,0.007208
WC713367,0.017337
WC713368,0.017754
WC713369,0.001049
WC713370,0.007482
WC713371,0.022642
WC713372,0.044075
WC713373,0.000933
WC713374,0.001204
WC713375,0.006142
WC713376,0.00149
WC713377,0.007029
WC713378,0.05542
WC713379,0.004689
WC713380,0.005855
WC713381,0.001929
WC713382,0.00309
WC713383,0.003835
WC713384,0.015309
WC713385,0.004905
WC713386,0.001374
WC713387,0.00239
WC713388,0.038989
WC713389,0.001696
WC713390,0.020287
WC713391,0.002322
WC713392,0.356388
WC713393,0.004653
WC713394,0.003588
WC713395,0.0296
WC713396,0.001085
WC713397,0.050822
WC713398,0.003724
WC713399,0.019197
WC713400,0.037009
WC713401,0.004504
WC713402,0.001327
WC713403,0.06036
WC713404,0.100076
WC713405,0.0014
WC713406,0.001484
WC713407,0.0027
WC713408,0.001276
WC713409,0.010856
WC713410,0.001401
WC713411,0.001488
WC713412,0.001982
WC713413,0.408611
WC713414,0.001895
WC713415,0.003538
WC713416,0.001289
WC713417,0.018368
WC713418,0.882714
WC713419,0.001486
WC713420,0.001771
WC713421,0.002146
WC713422,0.001566
WC713423,0.024653
WC713424,0.170254
WC713425,0.007063
WC713426,0.028677
WC713427,0.004387
WC713428,0.001749
WC713429,0.002692
WC713430,0.005526
WC713431,0.002711
WC713432,0.000951
WC713433,0.00603
WC713434,0.003592
WC713435,0.00446
WC713436,0.005244
WC713437,0.001083
WC713438,0.020056
WC713439,0.778079
WC713440,0.025768
WC713441,0.000273
WC713442,0.009442
WC713443,0.005252
WC713444,0.00156
WC713445,0.035159
WC713446,0.002744
WC713447,0.003649
WC713448,0.000388
WC713449,0.03875
WC713450,0.00063
WC713451,0.001915
WC713452,0.084263
WC713453,0.002303
WC713454,0.001407
WC713455,0.688172
WC713456,0.030512
WC713457,0.000617
WC713458,0.010034
WC713459,0.022505
WC713460,0.004622
WC713461,0.016652
WC713462,0.002661
WC713463,0.001036
WC713464,0.001692
WC713465,0.001719
WC713466,0.002115
WC713467,0.004739
WC713468,0.002673
WC713469,0.003835
WC713470,0.001528
WC713471,0.003806
WC713472,0.003997
WC713473,0.850299
WC713474,0.001433
WC713475,0.001618
WC713476,0.00532
WC713477,0.003416
WC713478,0.000986
WC713479,0.001808
WC713480,0.001986
WC713481,0.020424
WC713482,0.004891
WC713483,0.000952
WC713484,0.033748
WC713485,0.11666
WC713486,0.003266
WC713487,0.000956
WC713488,0.002108
WC713489,0.003825
WC713490,0.001033
WC713491,0.006181
WC713492,0.055625
WC713493,0.002448
WC713494,0.001275
WC713495,0.014458
WC713496,0.008505
WC713497,0.80746
WC713498,0.0006
WC713499,0.001302
WC713500,0.001555
WC713501,0.001632
WC713502,0.00931
WC713503,0.005072
WC713504,0.001626
WC713505,0.00539
WC713506,0.004437
WC713507,0.069196
WC713508,0.063533
WC713509,0.001894
WC713510,0.00621
WC713511,0.002835
WC713512,0.002237
WC713513,0.002888
WC713514,0.349776
WC713515,0.218555
WC713516,0.002666
WC713517,0.001454
WC713518,0.002132
WC713519,0.007026
WC713520,0.001638
WC713521,0.001067
WC713522,0.013672
WC713523,0.01402
WC713524,0.001771
WC713525,0.001617
WC713526,0.011913
WC713527,0.002086
WC713528,0.07857
WC713529,0.005638
WC713530,0.009088
WC713531,0.005949
WC713532,0.002189
WC713533,0.006266
WC713534,0.686615
WC713535,0.001217
WC713536,0.00443
WC713537,0.000904
WC713538,0.009683
WC713539,0.010743
WC713540,0.002658
WC713541,0.011702
WC713542,0.031443
WC713543,0.003648
WC713544,0.003234
WC713545,0.001646
WC713546,0.451149
WC713547,0.001979
WC713548,0.001576
WC713549,0.001566
WC713550,0.001117
WC713551,0.026438
WC713552,0.025747
WC713553,0.003719
WC713554,0.000973
WC713555,0.030141
WC713556,0.016911
WC713557,0.000744
WC713558,0.031909
WC713559,0.002777
WC713560,0.001279
WC713561,0.000748
WC713562,0.013158
WC713563,0.001272
WC713564,0.00136
WC713565,0.017246
WC713566,0.001508
WC713567,0.022673
WC713568,0.001836
WC713569,0.0045
WC713570,0.003556
WC713571,0.344642
WC713572,0.002056
WC713573,0.414763
WC713574,0.000516
WC713575,0.007638
WC713576,0.003287
WC713577,0.008306
WC713578,0.061092
WC713579,0.002718
WC713580,0.002331
WC713581,0.016701
WC713582,0.0081
WC713583,0.005719
WC713584,0.003838
WC713585,0.101114
WC713586,0.004697
WC713587,0.017536
WC713588,0.001078
WC713589,0.001766
WC713590,0.005122
WC713591,0.005261
WC713592,0.000943
WC713593,0.003956
WC713594,0.009649
WC713595,0.047651
WC713596,0.007354
WC713597,0.001801
WC713598,0.005031
WC713599,0.001554
